company_name,website,Industry,Company size,HQ Location,summary_from_llm,automation_pitch_from_llm
Infosys,http://www.infosys.com/,Information Technology,10001+,"Bangalore, Karnataka, India","1. Detailed summary of what the company does:
Infosys is a global IT services company that focuses on digital transformation, empowering talent, and building vital capabilities to deliver digital outcomes for their clients. They offer services and platforms that help organizations navigate their digital transformation journey, from creating unified digital experiences to engineering digital-first products and offerings.

2. Main target audience:
The main target audience for Infosys appears to be organizations across various industries, including aerospace and defense, agriculture, automotive, financial services, and communication services. They cater to businesses looking to succeed with enterprise-grade artificial intelligence, data analytics, blockchain, and mainframe modernization solutions.","3.Personalized AI automation idea for them:
One personalized AI automation idea for Infosys could be to implement a chatbot solution on their website to assist potential clients in navigating their services and platforms. This chatbot can provide personalized recommendations based on the visitor's industry and specific needs, helping streamline the lead generation process and improve customer engagement. Additionally, the chatbot can be integrated with Infosys's knowledge base to provide instant access to relevant case studies, client testimonials, and insights, enhancing the overall user experience on their website."
DeepMind,https://deepmind.com/,Artificial Intelligence,501-1000,"London, England, United Kingdom","1. Detailed Summary:
The company, Google, is focused on building next-generation AI systems that are intelligent, lightweight, and state-of-the-art. They offer various AI models for image, music, and video generation, as well as prototypes and experiments. Google aims to make AI more accessible and beneficial for humanity while ensuring AI safety through proactive security measures.

2. Target Audience:
Google's main target audience includes individuals interested in AI technology, researchers, developers, and organizations looking to leverage AI for various applications. They also appeal to individuals who want to make a positive impact on the world through AI technology.","3.Personalized AI Automation Idea:
One personalized AI automation idea for Google could be developing a smart AI-powered recommendation system that suggests personalized AI models and experiments based on the user's interests, expertise, and goals. This system could analyze the user's preferences and previous interactions with AI content to recommend relevant breakthroughs, papers, and updates from Google's lab, thereby enhancing user engagement and knowledge discovery."
Zoho,https://www.zoho.com/,Information Technology,10001+,"Chengalpattu, Tamil Nadu, India","1. Summary:
The company, Zoho, offers a comprehensive software suite designed to help businesses of all sizes improve efficiency and break down silos between departments. With a focus on privacy and data security, Zoho provides a unified cloud software solution that allows businesses to run their entire operations seamlessly. They emphasize trust, sustainable business practices, and continuous investment in research and development.

2. Target Audience:
Zoho's main target audience includes startups, mid-sized companies, and enterprises looking to streamline their business processes, improve customer relationships, and drive growth at scale. They cater to a global audience and have a diverse range of users across different industries.","3.Personalized AI Automation Idea:
One personalized AI automation idea for Zoho could be the development of a smart data analytics tool that utilizes machine learning algorithms to provide actionable insights to businesses. This tool could analyze the vast amount of data collected by Zoho's software suite and offer recommendations for improving operational efficiency, optimizing marketing strategies, or identifying potential growth opportunities. By harnessing the power of AI-driven analytics, businesses using Zoho could make data-driven decisions faster and more effectively, ultimately driving better results and staying ahead of the competition."
Freshworks,https://www.freshworks.com/,Information Technology,1001-5000,"San Mateo, California, United States","1. Detailed Summary:
Freshworks Inc. provides AI-powered customer and IT service software that aims to eliminate complexity and make IT services and customer service more efficient and scalable. They offer tools such as AI chatbots, automation features, and no-code capabilities to help teams do more with ease. The company focuses on simplifying service processes and boosting customer and employee experience through advanced AI technology.

2. Main Target Audience:
The main target audience for Freshworks Inc. includes leaders in customer experience (CX), IT, human resources (HR), and sales. They cater to businesses and organizations looking to enhance their customer and employee engagement through AI-driven solutions for IT service management, customer service, and CRM.","3.Personalized AI Automation Idea:
One personalized AI automation idea for Freshworks Inc. could be to create a predictive analytics tool that uses AI algorithms to analyze customer data and anticipate service needs before they arise. This tool could help businesses proactively address customer issues, improve response times, and enhance overall customer satisfaction. By implementing this AI solution, Freshworks Inc. can further differentiate themselves in the market and provide added value to their customers."
